{"cameraMode":{"drawMode":0,"name":"Shaded","section":"Shading Mode"},"sceneLighting":true,"audioPlay":false,"sceneViewState":{"m_AlwaysRefresh":false,"showFog":true,"showSkybox":true,"showFlares":true,"showImageEffects":true,"showParticleSystems":true,"showVisualEffectGraphs":true,"m_FxEnabled":true},"in2DMode":false,"pivot":{"x":-0.7845336198806763,"y":1.3599350452423096,"z":-8.267531394958496},"rotation":{"x":0.14940108358860017,"y":-0.022244904190301896,"z":0.0033631680998951198,"w":0.988525927066803},"size":1.3834606409072877,"orthographic":false}